,Position of residues in AtaA,Total abundance,Abundance of monomethylated residue,Abundance of dimethylated residue,Abundance of trimethylated residue,Abundance of unmethylated residue,Ratio of monomethylated residue,Ratio of dimethylated residue,Ratio of trimethylated residue,Ratio of unmethylated residue
0,3,0.0,0.0,0.0,0.0,0.0,0.0,0.0,0.0,0.0
1,6,0.0,0.0,0.0,0.0,0.0,0.0,0.0,0.0,0.0
2,24,0.0,0.0,0.0,0.0,0.0,0.0,0.0,0.0,0.0
3,26,0.0,0.0,0.0,0.0,0.0,0.0,0.0,0.0,0.0
4,28,0.0,0.0,0.0,0.0,0.0,0.0,0.0,0.0,0.0
5,33,0.0,0.0,0.0,0.0,0.0,0.0,0.0,0.0,0.0
6,35,0.0,0.0,0.0,0.0,0.0,0.0,0.0,0.0,0.0
7,37,0.0,0.0,0.0,0.0,0.0,0.0,0.0,0.0,0.0
8,135,0.0,0.0,0.0,0.0,0.0,0.0,0.0,0.0,0.0
9,193,8853305.375,1664770.875,0.0,0.0,7188534.5,0.18803947277149016,0.0,0.0,0.8119605272285099
10,241,409341.15625,0.0,0.0,0.0,409341.15625,0.0,0.0,0.0,1.0
11,250,5893139.375,3796433.0,0.0,0.0,2096706.375,0.6442123218916742,0.0,0.0,0.35578767810832573
12,317,19506228.796875,7046660.546875,0.0,0.0,12459568.25,0.36125181449752664,0.0,0.0,0.6387481855024734
13,356,19024819.75,14009053.75,0.0,0.0,5015766.0,0.7363567137081548,0.0,0.0,0.26364328629184514
14,364,16784401.40625,1499887.40625,0.0,0.0,15284514.0,0.08936198378164904,0.0,0.0,0.9106380162183509
15,418,1027216.75,0.0,0.0,0.0,1027216.75,0.0,0.0,0.0,1.0
16,424,75496.25,75496.25,0.0,0.0,0.0,1.0,0.0,0.0,0.0
17,443,16994940.041666664,9401730.104166666,0.0,0.0,7593209.937499998,0.5532076065650335,0.0,0.0,0.4467923934349665
18,476,0.0,0.0,0.0,0.0,0.0,0.0,0.0,0.0,0.0
19,485,1901633.9479166665,0.0,0.0,0.0,1901633.9479166665,0.0,0.0,0.0,1.0
20,493,8253439.802083333,6235201.020833333,0.0,0.0,2018238.78125,0.7554669532162146,0.0,0.0,0.24453304678378537
21,498,6376388.010416666,1189050.5,0.0,0.0,5187337.510416666,0.1864771243621828,0.0,0.0,0.8135228756378172
22,503,1410393.6875,221343.1875,0.0,0.0,1189050.5,0.15693716546076075,0.0,0.0,0.8430628345392392
23,512,4372079.75,840830.75,0.0,0.0,3531249.0,0.19231825540236314,0.0,0.0,0.8076817445976369
24,514,1233810.6640625,35634.955729166664,0.0,0.0,1198175.7083333333,0.02888202928302907,0.0,0.0,0.9711179707169708
25,524,868988.4973958333,0.0,0.0,0.0,868988.4973958333,0.0,0.0,0.0,1.0
26,525,5290036.726562499,2475248.1458333335,0.0,0.0,2814788.5807291656,0.46790755410156976,0.0,0.0,0.5320924458984303
27,550,6458316.104166666,1159357.0416666667,0.0,0.0,5298959.062499999,0.17951382728366186,0.0,0.0,0.8204861727163382
28,564,22306910.9375,3206141.1458333335,0.0,0.0,19100769.791666668,0.14372860297942514,0.0,0.0,0.856271397020575
29,598,8891586.3125,5285610.729166666,0.0,0.0,3605975.583333334,0.5944508148940792,0.0,0.0,0.40554918510592075
30,615,9829489.25,0.0,0.0,0.0,9829489.25,0.0,0.0,0.0,1.0
31,616,23171120.565104164,20927270.565104164,683603.7395833335,0.0,1560246.2604166665,0.9031617830611416,0.029502403116957773,0.0,0.06733581382190061
32,633,28384501.565104164,683603.7395833335,0.0,0.0,27700897.825520832,0.024083697154779503,0.0,0.0,0.9759163028452206
33,642,0.0,0.0,0.0,0.0,0.0,0.0,0.0,0.0,0.0
34,643,358794.5,358794.5,0.0,0.0,0.0,1.0,0.0,0.0,0.0
35,660,22407636.4375,14381291.3125,0.0,0.0,8026345.125,0.6418031349541348,0.0,0.0,0.35819686504586523
36,665,1712478.25,0.0,0.0,0.0,1712478.25,0.0,0.0,0.0,1.0
37,703,0.0,0.0,0.0,0.0,0.0,0.0,0.0,0.0,0.0
38,719,3218070.8125,2375120.25,0.0,0.0,842950.5625,0.7380571741225473,0.0,0.0,0.2619428258774526
39,725,2450616.5,75496.25,0.0,0.0,2375120.25,0.030807043860187833,0.0,0.0,0.9691929561398122
40,744,16994940.041666664,9401730.104166666,0.0,0.0,7593209.937499998,0.5532076065650335,0.0,0.0,0.4467923934349665
41,777,0.0,0.0,0.0,0.0,0.0,0.0,0.0,0.0,0.0
42,786,1901633.9479166665,0.0,0.0,0.0,1901633.9479166665,0.0,0.0,0.0,1.0
43,794,8253439.802083333,6235201.020833333,0.0,0.0,2018238.78125,0.7554669532162146,0.0,0.0,0.24453304678378537
44,799,6376388.010416666,1189050.5,0.0,0.0,5187337.510416666,0.1864771243621828,0.0,0.0,0.8135228756378172
45,804,1410393.6875,221343.1875,0.0,0.0,1189050.5,0.15693716546076075,0.0,0.0,0.8430628345392392
46,813,4372079.75,840830.75,0.0,0.0,3531249.0,0.19231825540236314,0.0,0.0,0.8076817445976369
47,815,1233810.6640625,35634.955729166664,0.0,0.0,1198175.7083333333,0.02888202928302907,0.0,0.0,0.9711179707169708
48,825,868988.4973958333,0.0,0.0,0.0,868988.4973958333,0.0,0.0,0.0,1.0
49,826,5290036.726562499,2475248.1458333335,0.0,0.0,2814788.5807291656,0.46790755410156976,0.0,0.0,0.5320924458984303
50,851,6458316.104166666,1159357.0416666667,0.0,0.0,5298959.062499999,0.17951382728366186,0.0,0.0,0.8204861727163382
51,865,22306910.9375,3206141.1458333335,0.0,0.0,19100769.791666668,0.14372860297942514,0.0,0.0,0.856271397020575
52,899,8891586.3125,5285610.729166666,0.0,0.0,3605975.583333334,0.5944508148940792,0.0,0.0,0.40554918510592075
53,916,9829489.25,0.0,0.0,0.0,9829489.25,0.0,0.0,0.0,1.0
54,917,23171120.565104164,20927270.565104164,683603.7395833335,0.0,1560246.2604166665,0.9031617830611416,0.029502403116957773,0.0,0.06733581382190061
55,934,28384501.565104164,683603.7395833335,0.0,0.0,27700897.825520832,0.024083697154779503,0.0,0.0,0.9759163028452206
56,943,0.0,0.0,0.0,0.0,0.0,0.0,0.0,0.0,0.0
57,944,358794.5,358794.5,0.0,0.0,0.0,1.0,0.0,0.0,0.0
58,961,22407636.4375,14381291.3125,0.0,0.0,8026345.125,0.6418031349541348,0.0,0.0,0.35819686504586523
59,966,1712478.25,0.0,0.0,0.0,1712478.25,0.0,0.0,0.0,1.0
60,1004,0.0,0.0,0.0,0.0,0.0,0.0,0.0,0.0,0.0
61,1020,8185131.875,0.0,0.0,0.0,8185131.875,0.0,0.0,0.0,1.0
62,1026,1947480.0,75496.25,0.0,0.0,1871983.75,0.03876612340049705,0.0,0.0,0.961233876599503
63,1045,16994940.041666664,9401730.104166666,0.0,0.0,7593209.937499998,0.5532076065650335,0.0,0.0,0.4467923934349665
64,1078,0.0,0.0,0.0,0.0,0.0,0.0,0.0,0.0,0.0
65,1087,1901633.9479166665,0.0,0.0,0.0,1901633.9479166665,0.0,0.0,0.0,1.0
66,1095,8253439.802083333,6235201.020833333,0.0,0.0,2018238.78125,0.7554669532162146,0.0,0.0,0.24453304678378537
67,1100,6376388.010416666,1189050.5,0.0,0.0,5187337.510416666,0.1864771243621828,0.0,0.0,0.8135228756378172
68,1105,1410393.6875,221343.1875,0.0,0.0,1189050.5,0.15693716546076075,0.0,0.0,0.8430628345392392
69,1114,4372079.75,840830.75,0.0,0.0,3531249.0,0.19231825540236314,0.0,0.0,0.8076817445976369
70,1116,1233810.6640625,35634.955729166664,0.0,0.0,1198175.7083333333,0.02888202928302907,0.0,0.0,0.9711179707169708
71,1126,868988.4973958333,0.0,0.0,0.0,868988.4973958333,0.0,0.0,0.0,1.0
72,1127,5290036.726562499,2475248.1458333335,0.0,0.0,2814788.5807291656,0.46790755410156976,0.0,0.0,0.5320924458984303
73,1152,6458316.104166666,1159357.0416666667,0.0,0.0,5298959.062499999,0.17951382728366186,0.0,0.0,0.8204861727163382
74,1166,22306910.9375,3206141.1458333335,0.0,0.0,19100769.791666668,0.14372860297942514,0.0,0.0,0.856271397020575
75,1200,8891586.3125,5285610.729166666,0.0,0.0,3605975.583333334,0.5944508148940792,0.0,0.0,0.40554918510592075
76,1217,9829489.25,0.0,0.0,0.0,9829489.25,0.0,0.0,0.0,1.0
77,1218,23171120.565104164,20927270.565104164,683603.7395833335,0.0,1560246.2604166665,0.9031617830611416,0.029502403116957773,0.0,0.06733581382190061
78,1235,28384501.565104164,683603.7395833335,0.0,0.0,27700897.825520832,0.024083697154779503,0.0,0.0,0.9759163028452206
79,1244,0.0,0.0,0.0,0.0,0.0,0.0,0.0,0.0,0.0
80,1245,0.0,0.0,0.0,0.0,0.0,0.0,0.0,0.0,0.0
81,1262,5902537.3,3309515.0,0.0,0.0,2593022.3,0.5606936189966982,0.0,0.0,0.4393063810033017
82,1274,20519293.239583332,1782433.2500000002,0.0,0.0,18736859.989583332,0.08686621070171882,0.0,0.0,0.9131337892982812
83,1299,263685.74404761905,124876.58333333331,0.0,0.0,138809.16071428574,0.4735810947397362,0.0,0.0,0.5264189052602638
84,1305,1454050.3875,1338066.9,0.0,0.0,115983.48750000005,0.9202342033693794,0.0,0.0,0.07976579663062058
85,1323,20675580.8875,251245.39285714287,0.0,0.0,20424335.494642857,0.012151793665397826,0.0,0.0,0.9878482063346022
86,1349,20181052.4609375,3624524.971354166,0.0,0.0,16556527.489583334,0.17960039390263746,0.0,0.0,0.8203996060973625
87,1353,13528426.710937498,0.0,0.0,0.0,13528426.710937498,0.0,0.0,0.0,1.0
88,1356,5210791.25,3980805.666666666,0.0,0.0,1229985.583333334,0.7639541627515142,0.0,0.0,0.23604583724848582
89,1384,12172912.75,0.0,0.0,0.0,12172912.75,0.0,0.0,0.0,1.0
90,1403,16435182.09375,920226.625,0.0,0.0,15514955.46875,0.05599126433469486,0.0,0.0,0.9440087356653052
91,1410,10673921.34375,3747381.046875,0.0,0.0,6926540.296875,0.35107819574380117,0.0,0.0,0.6489218042561988
92,1431,20128011.2109375,5216048.5859375,0.0,0.0,14911962.625,0.2591437639453974,0.0,0.0,0.7408562360546026
93,1442,21726005.4296875,2817670.84375,0.0,0.0,18908334.5859375,0.1296911598806743,0.0,0.0,0.8703088401193256
94,1445,1489908.75,1489908.75,0.0,0.0,0.0,1.0,0.0,0.0,0.0
95,1463,36321093.8390625,9451824.6640625,0.0,0.0,26869269.174999997,0.26022962595628885,0.0,0.0,0.7397703740437112
96,1475,20519293.239583332,1782433.2500000002,0.0,0.0,18736859.989583332,0.08686621070171882,0.0,0.0,0.9131337892982812
97,1500,263685.74404761905,124876.58333333331,0.0,0.0,138809.16071428574,0.4735810947397362,0.0,0.0,0.5264189052602638
98,1506,1454050.3875,1338066.9,0.0,0.0,115983.48750000005,0.9202342033693794,0.0,0.0,0.07976579663062058
99,1524,20675580.8875,251245.39285714287,0.0,0.0,20424335.494642857,0.012151793665397826,0.0,0.0,0.9878482063346022
100,1550,20181052.4609375,3624524.971354166,0.0,0.0,16556527.489583334,0.17960039390263746,0.0,0.0,0.8203996060973625
101,1554,13528426.710937498,0.0,0.0,0.0,13528426.710937498,0.0,0.0,0.0,1.0
102,1557,0.0,0.0,0.0,0.0,0.0,0.0,0.0,0.0,0.0
103,1596,0.0,0.0,0.0,0.0,0.0,0.0,0.0,0.0,0.0
104,1612,2700636.59375,2271573.125,0.0,0.0,429063.46875,0.8411250629784961,0.0,0.0,0.15887493702150388
105,1630,14163435.7421875,0.0,0.0,0.0,14163435.7421875,0.0,0.0,0.0,1.0
106,1639,0.0,0.0,0.0,0.0,0.0,0.0,0.0,0.0,0.0
107,1640,3509693.5625,1102764.75,0.0,0.0,2406928.8125,0.3142054228844089,0.0,0.0,0.6857945771155911
108,1657,36205205.859375,20937198.421875,0.0,0.0,15268007.4375,0.5782924837714604,0.0,0.0,0.4217075162285396
109,1669,20519293.239583332,1782433.2500000002,0.0,0.0,18736859.989583332,0.08686621070171882,0.0,0.0,0.9131337892982812
110,1694,263685.74404761905,124876.58333333331,0.0,0.0,138809.16071428574,0.4735810947397362,0.0,0.0,0.5264189052602638
111,1700,0.0,0.0,0.0,0.0,0.0,0.0,0.0,0.0,0.0
112,1718,19221530.5,251245.39285714287,0.0,0.0,18970285.10714286,0.013071039939152757,0.0,0.0,0.9869289600608473
113,1744,20181052.4609375,3624524.971354166,0.0,0.0,16556527.489583334,0.17960039390263746,0.0,0.0,0.8203996060973625
114,1748,13528426.710937498,0.0,0.0,0.0,13528426.710937498,0.0,0.0,0.0,1.0
115,1751,5427080.0,3953373.75,0.0,653070.0625,820636.1875,0.7284531921401564,0.0,0.12033544051313044,0.15121136734671314
116,1779,12455672.8125,0.0,0.0,0.0,12455672.8125,0.0,0.0,0.0,1.0
117,1798,16435182.09375,920226.625,0.0,0.0,15514955.46875,0.05599126433469486,0.0,0.0,0.9440087356653052
118,1805,10673921.34375,3747381.046875,0.0,0.0,6926540.296875,0.35107819574380117,0.0,0.0,0.6489218042561988
119,1826,20128011.2109375,5216048.5859375,0.0,0.0,14911962.625,0.2591437639453974,0.0,0.0,0.7408562360546026
120,1837,21726005.4296875,2817670.84375,0.0,0.0,18908334.5859375,0.1296911598806743,0.0,0.0,0.8703088401193256
121,1840,1489908.75,1489908.75,0.0,0.0,0.0,1.0,0.0,0.0,0.0
122,1858,36321093.8390625,9451824.6640625,0.0,0.0,26869269.174999997,0.26022962595628885,0.0,0.0,0.7397703740437112
123,1870,18327141.375,0.0,0.0,0.0,18327141.375,0.0,0.0,0.0,1.0
124,1895,138809.1607142857,0.0,0.0,0.0,138809.1607142857,0.0,0.0,0.0,1.0
125,1901,1454050.3875,1338066.9,0.0,0.0,115983.48750000005,0.9202342033693794,0.0,0.0,0.07976579663062058
126,1919,20675580.8875,251245.39285714287,0.0,0.0,20424335.494642857,0.012151793665397826,0.0,0.0,0.9878482063346022
127,1945,20181052.4609375,3624524.971354166,0.0,0.0,16556527.489583334,0.17960039390263746,0.0,0.0,0.8203996060973625
128,1949,13528426.710937498,0.0,0.0,0.0,13528426.710937498,0.0,0.0,0.0,1.0
129,1952,5210791.25,3980805.666666666,0.0,0.0,1229985.583333334,0.7639541627515142,0.0,0.0,0.23604583724848582
130,1980,12172912.75,0.0,0.0,0.0,12172912.75,0.0,0.0,0.0,1.0
131,1999,16435182.09375,920226.625,0.0,0.0,15514955.46875,0.05599126433469486,0.0,0.0,0.9440087356653052
132,2006,10673921.34375,3747381.046875,0.0,0.0,6926540.296875,0.35107819574380117,0.0,0.0,0.6489218042561988
133,2027,20128011.2109375,5216048.5859375,0.0,0.0,14911962.625,0.2591437639453974,0.0,0.0,0.7408562360546026
134,2038,21726005.4296875,2817670.84375,0.0,0.0,18908334.5859375,0.1296911598806743,0.0,0.0,0.8703088401193256
135,2041,1489908.75,1489908.75,0.0,0.0,0.0,1.0,0.0,0.0,0.0
136,2059,36321093.8390625,9451824.6640625,0.0,0.0,26869269.174999997,0.26022962595628885,0.0,0.0,0.7397703740437112
137,2071,20519293.239583332,1782433.2500000002,0.0,0.0,18736859.989583332,0.08686621070171882,0.0,0.0,0.9131337892982812
138,2096,263685.74404761905,124876.58333333331,0.0,0.0,138809.16071428574,0.4735810947397362,0.0,0.0,0.5264189052602638
139,2102,1454050.3875,1338066.9,0.0,0.0,115983.48750000005,0.9202342033693794,0.0,0.0,0.07976579663062058
140,2120,20675580.8875,251245.39285714287,0.0,0.0,20424335.494642857,0.012151793665397826,0.0,0.0,0.9878482063346022
141,2146,20181052.4609375,3624524.971354166,0.0,0.0,16556527.489583334,0.17960039390263746,0.0,0.0,0.8203996060973625
142,2150,13528426.710937498,0.0,0.0,0.0,13528426.710937498,0.0,0.0,0.0,1.0
143,2153,5210791.25,3980805.666666666,0.0,0.0,1229985.583333334,0.7639541627515142,0.0,0.0,0.23604583724848582
144,2181,12172912.75,0.0,0.0,0.0,12172912.75,0.0,0.0,0.0,1.0
145,2200,16435182.09375,920226.625,0.0,0.0,15514955.46875,0.05599126433469486,0.0,0.0,0.9440087356653052
146,2207,10673921.34375,3747381.046875,0.0,0.0,6926540.296875,0.35107819574380117,0.0,0.0,0.6489218042561988
147,2228,20128011.2109375,5216048.5859375,0.0,0.0,14911962.625,0.2591437639453974,0.0,0.0,0.7408562360546026
148,2239,21726005.4296875,2817670.84375,0.0,0.0,18908334.5859375,0.1296911598806743,0.0,0.0,0.8703088401193256
149,2242,1489908.75,1489908.75,0.0,0.0,0.0,1.0,0.0,0.0,0.0
150,2260,36321093.8390625,9451824.6640625,0.0,0.0,26869269.174999997,0.26022962595628885,0.0,0.0,0.7397703740437112
151,2272,20519293.239583332,1782433.2500000002,0.0,0.0,18736859.989583332,0.08686621070171882,0.0,0.0,0.9131337892982812
152,2297,263685.74404761905,124876.58333333331,0.0,0.0,138809.16071428574,0.4735810947397362,0.0,0.0,0.5264189052602638
153,2303,1454050.3875,1338066.9,0.0,0.0,115983.48750000005,0.9202342033693794,0.0,0.0,0.07976579663062058
154,2321,20675580.8875,251245.39285714287,0.0,0.0,20424335.494642857,0.012151793665397826,0.0,0.0,0.9878482063346022
155,2347,20181052.4609375,3624524.971354166,0.0,0.0,16556527.489583334,0.17960039390263746,0.0,0.0,0.8203996060973625
156,2351,13528426.710937498,0.0,0.0,0.0,13528426.710937498,0.0,0.0,0.0,1.0
157,2354,334594.84375,334594.84375,0.0,0.0,0.0,1.0,0.0,0.0,0.0
158,2379,1112555.34375,0.0,0.0,0.0,1112555.34375,0.0,0.0,0.0,1.0
159,2404,3539760.59375,1206703.75,0.0,0.0,2333056.84375,0.3408998202111815,0.0,0.0,0.6591001797888185
160,2441,6977525.78125,1627650.84375,0.0,0.0,5349874.9375,0.2332704879606209,0.0,0.0,0.7667295120393791
161,2446,3775639.28125,1627650.84375,0.0,0.0,2147988.4375,0.4310927825740636,0.0,0.0,0.5689072174259364
162,2448,0.0,0.0,0.0,0.0,0.0,0.0,0.0,0.0,0.0
163,2477,1290845.9375,0.0,0.0,0.0,1290845.9375,0.0,0.0,0.0,1.0
164,2483,1054275.875,0.0,0.0,0.0,1054275.875,0.0,0.0,0.0,1.0
165,2493,21350782.25,11350132.25,0.0,0.0,10000650.0,0.531602641865733,0.0,0.0,0.468397358134267
166,2499,11350132.25,0.0,0.0,0.0,11350132.25,0.0,0.0,0.0,1.0
167,2522,4368167.0,0.0,0.0,0.0,4368167.0,0.0,0.0,0.0,1.0
168,2533,,0.0,0.0,0.0,,0.0,0.0,0.0,0.0
169,2537,,0.0,0.0,0.0,,0.0,0.0,0.0,0.0
170,2540,0.0,0.0,0.0,0.0,0.0,0.0,0.0,0.0,0.0
171,2579,0.0,0.0,0.0,0.0,0.0,0.0,0.0,0.0,0.0
172,2595,2700636.59375,2271573.125,0.0,0.0,429063.46875,0.8411250629784961,0.0,0.0,0.15887493702150388
173,2613,14163435.7421875,0.0,0.0,0.0,14163435.7421875,0.0,0.0,0.0,1.0
174,2622,0.0,0.0,0.0,0.0,0.0,0.0,0.0,0.0,0.0
175,2623,3509693.5625,1102764.75,0.0,0.0,2406928.8125,0.3142054228844089,0.0,0.0,0.6857945771155911
176,2640,36205205.859375,20937198.421875,0.0,0.0,15268007.4375,0.5782924837714604,0.0,0.0,0.4217075162285396
177,2652,20519293.239583332,1782433.2500000002,0.0,0.0,18736859.989583332,0.08686621070171882,0.0,0.0,0.9131337892982812
178,2677,263685.74404761905,124876.58333333331,0.0,0.0,138809.16071428574,0.4735810947397362,0.0,0.0,0.5264189052602638
179,2683,0.0,0.0,0.0,0.0,0.0,0.0,0.0,0.0,0.0
180,2701,19221530.5,251245.39285714287,0.0,0.0,18970285.10714286,0.013071039939152757,0.0,0.0,0.9869289600608473
181,2727,18306408.625,0.0,0.0,0.0,18306408.625,0.0,0.0,0.0,1.0
182,2731,11825021.375,0.0,0.0,0.0,11825021.375,0.0,0.0,0.0,1.0
183,2734,956037.375,956037.375,0.0,0.0,0.0,1.0,0.0,0.0,0.0
184,2759,1031045.5625,1031045.5625,0.0,0.0,0.0,1.0,0.0,0.0,0.0
185,2784,4934305.84375,3903260.28125,0.0,0.0,1031045.5625,0.7910454691806416,0.0,0.0,0.20895453081935847
186,2821,27398483.875,10515147.3125,0.0,0.0,16883336.5625,0.3837857364835667,0.0,0.0,0.6162142635164334
187,2826,18240549.3125,10515147.3125,0.0,0.0,7725402.0,0.5764709786066647,0.0,0.0,0.4235290213933353
188,2828,2423422.0,0.0,0.0,0.0,2423422.0,0.0,0.0,0.0,1.0
189,2857,1183109.625,0.0,0.0,0.0,1183109.625,0.0,0.0,0.0,1.0
190,2863,2571108.09375,342635.84375,0.0,0.0,2228472.25,0.13326388127473102,0.0,0.0,0.866736118725269
191,2873,21077921.71875,5012233.34375,0.0,0.0,16065688.375,0.237795424550388,0.0,0.0,0.762204575449612
192,2884,16689389.21875,1802206.75,0.0,0.0,14887182.46875,0.10798518306321707,0.0,0.0,0.892014816936783
193,2894,11346628.25,3160545.0,0.0,0.0,8186083.25,0.27854486199457534,0.0,0.0,0.7214551380054246
194,2904,0.0,0.0,0.0,0.0,0.0,0.0,0.0,0.0,0.0
195,2921,0.0,0.0,0.0,0.0,0.0,0.0,0.0,0.0,0.0
196,2932,7833343.75,0.0,0.0,0.0,7833343.75,0.0,0.0,0.0,1.0
197,2936,7833343.75,1123637.25,0.0,0.0,6709706.5,0.14344286244300208,0.0,0.0,0.8565571375569979
198,2947,13377779.75,4058699.5,0.0,0.0,9319080.25,0.30339111391036316,0.0,0.0,0.6966088860896368
199,2964,21041608.25,3949641.25,0.0,0.0,17091967.0,0.18770624388941373,0.0,0.0,0.8122937561105863
200,2971,655487.5,0.0,0.0,0.0,655487.5,0.0,0.0,0.0,1.0
201,2981,2203299.25,0.0,0.0,0.0,2203299.25,0.0,0.0,0.0,1.0
202,3021,0.0,0.0,0.0,0.0,0.0,0.0,0.0,0.0,0.0
203,3025,0.0,0.0,0.0,0.0,0.0,0.0,0.0,0.0,0.0
204,3049,0.0,0.0,0.0,0.0,0.0,0.0,0.0,0.0,0.0
205,3092,0.0,0.0,0.0,0.0,0.0,0.0,0.0,0.0,0.0
206,3125,0.0,0.0,0.0,0.0,0.0,0.0,0.0,0.0,0.0
207,3130,0.0,0.0,0.0,0.0,0.0,0.0,0.0,0.0,0.0
208,3170,1060908.1875,292402.8125,0.0,0.0,768505.375,0.27561556781745544,0.0,0.0,0.7243844321825446
209,3192,1587689.15625,0.0,0.0,0.0,1587689.15625,0.0,0.0,0.0,1.0
210,3233,256732.4375,256732.4375,0.0,0.0,0.0,1.0,0.0,0.0,0.0
211,3246,0.0,0.0,0.0,0.0,0.0,0.0,0.0,0.0,0.0
212,3248,0.0,0.0,0.0,0.0,0.0,0.0,0.0,0.0,0.0
213,3262,0.0,0.0,0.0,0.0,0.0,0.0,0.0,0.0,0.0
214,3270,0.0,0.0,0.0,0.0,0.0,0.0,0.0,0.0,0.0
215,3313,0.0,0.0,0.0,0.0,0.0,0.0,0.0,0.0,0.0
216,3330,0.0,0.0,0.0,0.0,0.0,0.0,0.0,0.0,0.0
217,3353,411536.5,0.0,0.0,0.0,411536.5,0.0,0.0,0.0,1.0
218,3359,0.0,0.0,0.0,0.0,0.0,0.0,0.0,0.0,0.0
219,3361,0.0,0.0,0.0,0.0,0.0,0.0,0.0,0.0,0.0
220,3377,0.0,0.0,0.0,0.0,0.0,0.0,0.0,0.0,0.0
221,3386,0.0,0.0,0.0,0.0,0.0,0.0,0.0,0.0,0.0
222,3412,0.0,0.0,0.0,0.0,0.0,0.0,0.0,0.0,0.0
223,3428,0.0,0.0,0.0,0.0,0.0,0.0,0.0,0.0,0.0
224,3436,0.0,0.0,0.0,0.0,0.0,0.0,0.0,0.0,0.0
225,3458,0.0,0.0,0.0,0.0,0.0,0.0,0.0,0.0,0.0
226,3467,0.0,0.0,0.0,0.0,0.0,0.0,0.0,0.0,0.0
227,3510,0.0,0.0,0.0,0.0,0.0,0.0,0.0,0.0,0.0
228,3531,0.0,0.0,0.0,0.0,0.0,0.0,0.0,0.0,0.0
229,3538,0.0,0.0,0.0,0.0,0.0,0.0,0.0,0.0,0.0
230,3555,0.0,0.0,0.0,0.0,0.0,0.0,0.0,0.0,0.0
231,3556,0.0,0.0,0.0,0.0,0.0,0.0,0.0,0.0,0.0
232,3576,0.0,0.0,0.0,0.0,0.0,0.0,0.0,0.0,0.0
233,3598,0.0,0.0,0.0,0.0,0.0,0.0,0.0,0.0,0.0
