,Position of residues in AtaA,Unnamed: 0,Total abundance,Abundance of monomethylated residue,Abundance of dimethylated residue,Abundance of trimethylated residue,Abundance of unmethylated residue,Ratio of monomethylated residue,Ratio of dimethylated residue,Ratio of trimethylated residue,Ratio of unmethylated residue
0,3,0.0,0.0,0.0,0.0,0.0,0.0,0.0,0.0,0.0,0.0
1,6,1.0,0.0,0.0,0.0,0.0,0.0,0.0,0.0,0.0,0.0
2,24,2.0,0.0,0.0,0.0,0.0,0.0,0.0,0.0,0.0,0.0
3,26,3.0,0.0,0.0,0.0,0.0,0.0,0.0,0.0,0.0,0.0
4,28,4.0,0.0,0.0,0.0,0.0,0.0,0.0,0.0,0.0,0.0
5,33,5.0,0.0,0.0,0.0,0.0,0.0,0.0,0.0,0.0,0.0
6,35,6.0,0.0,0.0,0.0,0.0,0.0,0.0,0.0,0.0,0.0
7,37,7.0,0.0,0.0,0.0,0.0,0.0,0.0,0.0,0.0,0.0
8,135,8.0,0.0,0.0,0.0,0.0,0.0,0.0,0.0,0.0,0.0
9,193,9.0,10323316.0,1798207.0,0.0,0.0,8525109.0,0.17418889434363918,0.0,0.0,0.8258111056563608
10,241,10.0,630293.421875,0.0,0.0,0.0,630293.421875,0.0,0.0,0.0,1.0
11,250,11.0,9787501.6875,6069417.75,0.0,0.0,3718083.9375,0.6201192034277235,0.0,0.0,0.37988079657227647
12,317,12.0,19499737.6796875,5695967.1796875,0.0,0.0,13803770.5,0.2921048104980858,0.0,0.0,0.7078951895019142
13,356,13.0,21981328.28125,14956546.375,0.0,0.0,7024781.90625,0.6804204997819847,0.0,0.0,0.3195795002180153
14,364,14.0,18948931.015625,2395076.390625,0.0,0.0,16553854.625,0.1263963855612782,0.0,0.0,0.8736036144387218
15,418,15.0,1191027.0,0.0,0.0,0.0,1191027.0,0.0,0.0,0.0,1.0
16,424,16.0,85096.27083333334,85096.27083333334,0.0,0.0,0.0,1.0,0.0,0.0,0.0
17,443,17.0,19086274.718749996,9838520.166666666,0.0,0.0,9247754.55208333,0.515476189651692,0.0,0.0,0.48452381034830805
18,476,18.0,0.0,0.0,0.0,0.0,0.0,0.0,0.0,0.0,0.0
19,485,19.0,2689462.432291667,0.0,0.0,0.0,2689462.432291667,0.0,0.0,0.0,1.0
20,493,20.0,11440605.994791666,8380044.052083332,0.0,0.0,3060561.942708334,0.7324825324723485,0.0,0.0,0.26751746752765143
21,498,21.0,9016360.735677082,610695.0533854166,0.0,0.0,8405665.682291666,0.06773187889088564,0.0,0.0,0.9322681211091144
22,503,22.0,1505112.6158854165,218311.9375,0.0,0.0,1286800.6783854165,0.14504691223491809,0.0,0.0,0.8549530877650819
23,512,23.0,6246430.4375,1198304.125,0.0,0.0,5048126.3125,0.19183822456519592,0.0,0.0,0.808161775434804
24,514,24.0,1480255.4986979167,66069.71744791667,0.0,0.0,1414185.78125,0.04463399562172466,0.0,0.0,0.9553660043782752
25,524,25.0,1098497.2278645835,0.0,0.0,0.0,1098497.2278645835,0.0,0.0,0.0,1.0
26,525,26.0,5352165.634114582,2325271.5729166665,0.0,0.0,3026894.0611979156,0.4344543371556811,0.0,0.0,0.5655456628443188
27,550,27.0,7092349.755208333,1187470.3229166667,0.0,0.0,5904879.432291666,0.16742974668510063,0.0,0.0,0.8325702533148993
28,564,28.0,23135256.671875,3290856.0885416665,0.0,0.0,19844400.583333332,0.14224420049518122,0.0,0.0,0.8577557995048187
29,598,29.0,9102829.609375,5145614.151041666,0.0,0.0,3957215.458333334,0.565276334046965,0.0,0.0,0.434723665953035
30,615,30.0,12177192.46875,0.0,0.0,0.0,12177192.46875,0.0,0.0,0.0,1.0
31,616,31.0,24339802.178385414,21111483.480468746,663868.6822916667,0.0,2564450.015625001,0.8673646287567807,0.027275023742025523,0.0,0.10536034750119379
32,633,32.0,28515707.313802082,663868.6822916667,0.0,0.0,27851838.631510414,0.023280807135032666,0.0,0.0,0.9767191928649673
33,642,33.0,34785.049479166664,0.0,0.0,0.0,34785.049479166664,0.0,0.0,0.0,1.0
34,643,34.0,1516626.28125,394129.53125,0.0,0.0,1122496.75,0.2598725448204414,0.0,0.0,0.7401274551795586
35,660,35.0,25524736.515625,15818458.328125,0.0,0.0,9706278.1875,0.6197305236996946,0.0,0.0,0.3802694763003054
36,665,36.0,1903984.75,0.0,0.0,0.0,1903984.75,0.0,0.0,0.0,1.0
37,703,37.0,0.0,0.0,0.0,0.0,0.0,0.0,0.0,0.0,0.0
38,719,38.0,7325370.84375,1187560.125,0.0,0.0,6137810.71875,0.16211604167633714,0.0,0.0,0.8378839583236628
39,725,39.0,3890938.3958333335,85096.27083333334,0.0,0.0,3805842.125,0.02187037217666049,0.0,0.0,0.9781296278233395
40,744,40.0,19086274.718749996,9838520.166666666,0.0,0.0,9247754.55208333,0.515476189651692,0.0,0.0,0.48452381034830805
41,777,41.0,0.0,0.0,0.0,0.0,0.0,0.0,0.0,0.0,0.0
42,786,42.0,2689462.432291667,0.0,0.0,0.0,2689462.432291667,0.0,0.0,0.0,1.0
43,794,43.0,11440605.994791666,8380044.052083332,0.0,0.0,3060561.942708334,0.7324825324723485,0.0,0.0,0.26751746752765143
44,799,44.0,9016360.735677082,610695.0533854166,0.0,0.0,8405665.682291666,0.06773187889088564,0.0,0.0,0.9322681211091144
45,804,45.0,1505112.6158854165,218311.9375,0.0,0.0,1286800.6783854165,0.14504691223491809,0.0,0.0,0.8549530877650819
46,813,46.0,6246430.4375,1198304.125,0.0,0.0,5048126.3125,0.19183822456519592,0.0,0.0,0.808161775434804
47,815,47.0,1480255.4986979167,66069.71744791667,0.0,0.0,1414185.78125,0.04463399562172466,0.0,0.0,0.9553660043782752
48,825,48.0,1098497.2278645835,0.0,0.0,0.0,1098497.2278645835,0.0,0.0,0.0,1.0
49,826,49.0,5352165.634114582,2325271.5729166665,0.0,0.0,3026894.0611979156,0.4344543371556811,0.0,0.0,0.5655456628443188
50,851,50.0,7092349.755208333,1187470.3229166667,0.0,0.0,5904879.432291666,0.16742974668510063,0.0,0.0,0.8325702533148993
51,865,51.0,23135256.671875,3290856.0885416665,0.0,0.0,19844400.583333332,0.14224420049518122,0.0,0.0,0.8577557995048187
52,899,52.0,9102829.609375,5145614.151041666,0.0,0.0,3957215.458333334,0.565276334046965,0.0,0.0,0.434723665953035
53,916,53.0,12177192.46875,0.0,0.0,0.0,12177192.46875,0.0,0.0,0.0,1.0
54,917,54.0,24339802.178385414,21111483.480468746,663868.6822916667,0.0,2564450.015625001,0.8673646287567807,0.027275023742025523,0.0,0.10536034750119379
55,934,55.0,28515707.313802082,663868.6822916667,0.0,0.0,27851838.631510414,0.023280807135032666,0.0,0.0,0.9767191928649673
56,943,56.0,34785.049479166664,0.0,0.0,0.0,34785.049479166664,0.0,0.0,0.0,1.0
57,944,57.0,1516626.28125,394129.53125,0.0,0.0,1122496.75,0.2598725448204414,0.0,0.0,0.7401274551795586
58,961,58.0,25524736.515625,15818458.328125,0.0,0.0,9706278.1875,0.6197305236996946,0.0,0.0,0.3802694763003054
59,966,59.0,1903984.75,0.0,0.0,0.0,1903984.75,0.0,0.0,0.0,1.0
60,1004,60.0,0.0,0.0,0.0,0.0,0.0,0.0,0.0,0.0,0.0
61,1020,61.0,11688540.78125,1149094.125,0.0,0.0,10539446.65625,0.09830945936752879,0.0,0.0,0.9016905406324712
62,1026,62.0,2170182.270833333,1234190.3958333333,0.0,0.0,935991.8749999998,0.5687035657882386,0.0,0.0,0.4312964342117615
63,1045,63.0,19086274.718749996,9838520.166666666,0.0,0.0,9247754.55208333,0.515476189651692,0.0,0.0,0.48452381034830805
64,1078,64.0,0.0,0.0,0.0,0.0,0.0,0.0,0.0,0.0,0.0
65,1087,65.0,2689462.432291667,0.0,0.0,0.0,2689462.432291667,0.0,0.0,0.0,1.0
66,1095,66.0,11440605.994791666,8380044.052083332,0.0,0.0,3060561.942708334,0.7324825324723485,0.0,0.0,0.26751746752765143
67,1100,67.0,9016360.735677082,610695.0533854166,0.0,0.0,8405665.682291666,0.06773187889088564,0.0,0.0,0.9322681211091144
68,1105,68.0,1505112.6158854165,218311.9375,0.0,0.0,1286800.6783854165,0.14504691223491809,0.0,0.0,0.8549530877650819
69,1114,69.0,6246430.4375,1198304.125,0.0,0.0,5048126.3125,0.19183822456519592,0.0,0.0,0.808161775434804
70,1116,70.0,1480255.4986979167,66069.71744791667,0.0,0.0,1414185.78125,0.04463399562172466,0.0,0.0,0.9553660043782752
71,1126,71.0,1098497.2278645835,0.0,0.0,0.0,1098497.2278645835,0.0,0.0,0.0,1.0
72,1127,72.0,5352165.634114582,2325271.5729166665,0.0,0.0,3026894.0611979156,0.4344543371556811,0.0,0.0,0.5655456628443188
73,1152,73.0,7092349.755208333,1187470.3229166667,0.0,0.0,5904879.432291666,0.16742974668510063,0.0,0.0,0.8325702533148993
74,1166,74.0,23135256.671875,3290856.0885416665,0.0,0.0,19844400.583333332,0.14224420049518122,0.0,0.0,0.8577557995048187
75,1200,75.0,9102829.609375,5145614.151041666,0.0,0.0,3957215.458333334,0.565276334046965,0.0,0.0,0.434723665953035
76,1217,76.0,12177192.46875,0.0,0.0,0.0,12177192.46875,0.0,0.0,0.0,1.0
77,1218,77.0,24339802.178385414,21111483.480468746,663868.6822916667,0.0,2564450.015625001,0.8673646287567807,0.027275023742025523,0.0,0.10536034750119379
78,1235,78.0,28515707.313802082,663868.6822916667,0.0,0.0,27851838.631510414,0.023280807135032666,0.0,0.0,0.9767191928649673
79,1244,79.0,34785.049479166664,0.0,0.0,0.0,34785.049479166664,0.0,0.0,0.0,1.0
80,1245,80.0,0.0,0.0,0.0,0.0,0.0,0.0,0.0,0.0,0.0
81,1262,81.0,6187491.1125,3366974.65,0.0,0.0,2820516.4625,0.5441583008011149,0.0,0.0,0.4558416991988851
82,1274,82.0,23132313.71875,1889305.9583333335,0.0,0.0,21243007.760416668,0.08167388620542303,0.0,0.0,0.9183261137945771
83,1299,83.0,214959.4255952381,62438.29166666666,0.0,0.0,152521.13392857145,0.29046547502520786,0.0,0.0,0.7095345249747922
84,1305,84.0,1419107.7374999998,1294847.0,0.0,0.0,124260.73749999981,0.9124374180927896,0.0,0.0,0.08756258190721043
85,1323,85.0,25145536.94136905,311275.34449404763,0.0,0.0,24834261.596875,0.012378949998953582,0.0,0.0,0.9876210500010464
86,1349,86.0,20608806.78515625,3203226.38671875,0.0,0.0,17405580.3984375,0.155429978072574,0.0,0.0,0.844570021927426
87,1353,87.0,13012446.97265625,0.0,0.0,0.0,13012446.97265625,0.0,0.0,0.0,1.0
88,1356,88.0,5995994.760416666,4406207.75,0.0,0.0,1589787.010416666,0.7348585057292161,0.0,0.0,0.26514149427078393
89,1384,89.0,13519133.885416666,0.0,0.0,0.0,13519133.885416666,0.0,0.0,0.0,1.0
90,1403,90.0,20518028.81640625,984222.59375,0.0,0.0,19533806.22265625,0.04796867196925925,0.0,0.0,0.9520313280307408
91,1410,91.0,11214851.38671875,3564551.70703125,0.0,0.0,7650299.6796875,0.3178420813719021,0.0,0.0,0.6821579186280979
92,1431,92.0,21212690.19921875,4799355.04296875,0.0,0.0,16413335.15625,0.2262492403318796,0.0,0.0,0.7737507596681203
93,1442,93.0,26565546.71484375,2838337.07421875,0.0,0.0,23727209.640625,0.10684278794205287,0.0,0.0,0.8931572120579472
94,1445,94.0,1100914.3125,1100914.3125,0.0,0.0,0.0,1.0,0.0,0.0,0.0
95,1463,95.0,36254441.29609375,8453767.15390625,0.0,0.0,27800674.1421875,0.23317880104298025,0.0,0.0,0.7668211989570198
96,1475,96.0,23132313.71875,1889305.9583333335,0.0,0.0,21243007.760416668,0.08167388620542303,0.0,0.0,0.9183261137945771
97,1500,97.0,214959.4255952381,62438.29166666666,0.0,0.0,152521.13392857145,0.29046547502520786,0.0,0.0,0.7095345249747922
98,1506,98.0,1419107.7374999998,1294847.0,0.0,0.0,124260.73749999981,0.9124374180927896,0.0,0.0,0.08756258190721043
99,1524,99.0,25145536.94136905,311275.34449404763,0.0,0.0,24834261.596875,0.012378949998953582,0.0,0.0,0.9876210500010464
100,1550,100.0,20608806.78515625,3203226.38671875,0.0,0.0,17405580.3984375,0.155429978072574,0.0,0.0,0.844570021927426
101,1554,101.0,13012446.97265625,0.0,0.0,0.0,13012446.97265625,0.0,0.0,0.0,1.0
102,1557,102.0,151169.16666666666,0.0,0.0,0.0,151169.16666666666,0.0,0.0,0.0,1.0
103,1596,103.0,0.0,0.0,0.0,0.0,0.0,0.0,0.0,0.0,0.0
104,1612,104.0,2388273.703125,1613029.40625,0.0,0.0,775244.296875,0.6753955395227058,0.0,0.0,0.32460446047729413
105,1630,105.0,14672914.83984375,0.0,0.0,0.0,14672914.83984375,0.0,0.0,0.0,1.0
106,1639,106.0,0.0,0.0,0.0,0.0,0.0,0.0,0.0,0.0,0.0
107,1640,107.0,3027992.296875,1063326.78125,0.0,0.0,1964665.515625,0.3511656163549004,0.0,0.0,0.6488343836450996
108,1657,108.0,37727670.8828125,20549443.4140625,0.0,0.0,17178227.46875,0.5446782940270017,0.0,0.0,0.45532170597299826
109,1669,109.0,23132313.71875,1889305.9583333335,0.0,0.0,21243007.760416668,0.08167388620542303,0.0,0.0,0.9183261137945771
110,1694,110.0,214959.4255952381,62438.29166666666,0.0,0.0,152521.13392857145,0.29046547502520786,0.0,0.0,0.7095345249747922
111,1700,111.0,1564533.875,0.0,0.0,0.0,1564533.875,0.0,0.0,0.0,1.0
112,1718,112.0,25290963.07886905,311275.34449404763,0.0,0.0,24979687.734375,0.012307769519228887,0.0,0.0,0.987692230480771
113,1744,113.0,20608806.78515625,3203226.38671875,0.0,0.0,17405580.3984375,0.155429978072574,0.0,0.0,0.844570021927426
114,1748,114.0,13012446.97265625,0.0,0.0,0.0,13012446.97265625,0.0,0.0,0.0,1.0
115,1751,115.0,5168434.416666666,4280412.125,0.0,326535.03125,561487.260416666,0.8281835039246976,0.0,0.06317871233830916,0.10863778373699323
116,1779,116.0,13203387.71875,0.0,0.0,0.0,13203387.71875,0.0,0.0,0.0,1.0
117,1798,117.0,20518028.81640625,984222.59375,0.0,0.0,19533806.22265625,0.04796867196925925,0.0,0.0,0.9520313280307408
118,1805,118.0,11214851.38671875,3564551.70703125,0.0,0.0,7650299.6796875,0.3178420813719021,0.0,0.0,0.6821579186280979
119,1826,119.0,21212690.19921875,4799355.04296875,0.0,0.0,16413335.15625,0.2262492403318796,0.0,0.0,0.7737507596681203
120,1837,120.0,26565546.71484375,2838337.07421875,0.0,0.0,23727209.640625,0.10684278794205287,0.0,0.0,0.8931572120579472
121,1840,121.0,1100914.3125,1100914.3125,0.0,0.0,0.0,1.0,0.0,0.0,0.0
122,1858,122.0,36254441.29609375,8453767.15390625,0.0,0.0,27800674.1421875,0.23317880104298025,0.0,0.0,0.7668211989570198
123,1870,123.0,18475552.9375,0.0,0.0,0.0,18475552.9375,0.0,0.0,0.0,1.0
124,1895,124.0,152521.13392857142,0.0,0.0,0.0,152521.13392857142,0.0,0.0,0.0,1.0
125,1901,125.0,1419107.7374999998,1294847.0,0.0,0.0,124260.73749999981,0.9124374180927896,0.0,0.0,0.08756258190721043
126,1919,126.0,25145536.94136905,311275.34449404763,0.0,0.0,24834261.596875,0.012378949998953582,0.0,0.0,0.9876210500010464
127,1945,127.0,20608806.78515625,3203226.38671875,0.0,0.0,17405580.3984375,0.155429978072574,0.0,0.0,0.844570021927426
128,1949,128.0,13012446.97265625,0.0,0.0,0.0,13012446.97265625,0.0,0.0,0.0,1.0
129,1952,129.0,5995994.760416666,4406207.75,0.0,0.0,1589787.010416666,0.7348585057292161,0.0,0.0,0.26514149427078393
130,1980,130.0,13519133.885416666,0.0,0.0,0.0,13519133.885416666,0.0,0.0,0.0,1.0
131,1999,131.0,20518028.81640625,984222.59375,0.0,0.0,19533806.22265625,0.04796867196925925,0.0,0.0,0.9520313280307408
132,2006,132.0,11214851.38671875,3564551.70703125,0.0,0.0,7650299.6796875,0.3178420813719021,0.0,0.0,0.6821579186280979
133,2027,133.0,21212690.19921875,4799355.04296875,0.0,0.0,16413335.15625,0.2262492403318796,0.0,0.0,0.7737507596681203
134,2038,134.0,26565546.71484375,2838337.07421875,0.0,0.0,23727209.640625,0.10684278794205287,0.0,0.0,0.8931572120579472
135,2041,135.0,1100914.3125,1100914.3125,0.0,0.0,0.0,1.0,0.0,0.0,0.0
136,2059,136.0,36254441.29609375,8453767.15390625,0.0,0.0,27800674.1421875,0.23317880104298025,0.0,0.0,0.7668211989570198
137,2071,137.0,23132313.71875,1889305.9583333335,0.0,0.0,21243007.760416668,0.08167388620542303,0.0,0.0,0.9183261137945771
138,2096,138.0,214959.4255952381,62438.29166666666,0.0,0.0,152521.13392857145,0.29046547502520786,0.0,0.0,0.7095345249747922
139,2102,139.0,1419107.7374999998,1294847.0,0.0,0.0,124260.73749999981,0.9124374180927896,0.0,0.0,0.08756258190721043
140,2120,140.0,25145536.94136905,311275.34449404763,0.0,0.0,24834261.596875,0.012378949998953582,0.0,0.0,0.9876210500010464
141,2146,141.0,20608806.78515625,3203226.38671875,0.0,0.0,17405580.3984375,0.155429978072574,0.0,0.0,0.844570021927426
142,2150,142.0,13012446.97265625,0.0,0.0,0.0,13012446.97265625,0.0,0.0,0.0,1.0
143,2153,143.0,5995994.760416666,4406207.75,0.0,0.0,1589787.010416666,0.7348585057292161,0.0,0.0,0.26514149427078393
144,2181,144.0,13519133.885416666,0.0,0.0,0.0,13519133.885416666,0.0,0.0,0.0,1.0
145,2200,145.0,20518028.81640625,984222.59375,0.0,0.0,19533806.22265625,0.04796867196925925,0.0,0.0,0.9520313280307408
146,2207,146.0,11214851.38671875,3564551.70703125,0.0,0.0,7650299.6796875,0.3178420813719021,0.0,0.0,0.6821579186280979
147,2228,147.0,21212690.19921875,4799355.04296875,0.0,0.0,16413335.15625,0.2262492403318796,0.0,0.0,0.7737507596681203
148,2239,148.0,26565546.71484375,2838337.07421875,0.0,0.0,23727209.640625,0.10684278794205287,0.0,0.0,0.8931572120579472
149,2242,149.0,1100914.3125,1100914.3125,0.0,0.0,0.0,1.0,0.0,0.0,0.0
150,2260,150.0,36254441.29609375,8453767.15390625,0.0,0.0,27800674.1421875,0.23317880104298025,0.0,0.0,0.7668211989570198
151,2272,151.0,23132313.71875,1889305.9583333335,0.0,0.0,21243007.760416668,0.08167388620542303,0.0,0.0,0.9183261137945771
152,2297,152.0,214959.4255952381,62438.29166666666,0.0,0.0,152521.13392857145,0.29046547502520786,0.0,0.0,0.7095345249747922
153,2303,153.0,1419107.7374999998,1294847.0,0.0,0.0,124260.73749999981,0.9124374180927896,0.0,0.0,0.08756258190721043
154,2321,154.0,25145536.94136905,311275.34449404763,0.0,0.0,24834261.596875,0.012378949998953582,0.0,0.0,0.9876210500010464
155,2347,155.0,20608806.78515625,3203226.38671875,0.0,0.0,17405580.3984375,0.155429978072574,0.0,0.0,0.844570021927426
156,2351,156.0,13012446.97265625,0.0,0.0,0.0,13012446.97265625,0.0,0.0,0.0,1.0
157,2354,157.0,484464.5104166666,333295.34375,0.0,0.0,151169.16666666663,0.6879664796567809,0.0,0.0,0.3120335203432191
158,2379,158.0,1199469.5625,0.0,0.0,0.0,1199469.5625,0.0,0.0,0.0,1.0
159,2404,159.0,3580730.921875,1218552.625,0.0,0.0,2362178.296875,0.3403083480961261,0.0,0.0,0.6596916519038739
160,2441,160.0,7167038.578125,2557703.109375,0.0,0.0,4609335.46875,0.356870286310658,0.0,0.0,0.643129713689342
161,2446,161.0,3631697.328125,1586522.046875,0.0,0.0,2045175.28125,0.43685414932254324,0.0,0.0,0.5631458506774568
162,2448,162.0,0.0,0.0,0.0,0.0,0.0,0.0,0.0,0.0,0.0
163,2477,163.0,2396356.65625,0.0,0.0,0.0,2396356.65625,0.0,0.0,0.0,1.0
164,2483,164.0,1432027.9375,0.0,0.0,0.0,1432027.9375,0.0,0.0,0.0,1.0
165,2493,165.0,26640533.0625,12499110.0625,0.0,0.0,14141423.0,0.4691764250053283,0.0,0.0,0.5308235749946717
166,2499,166.0,12499110.0625,0.0,0.0,0.0,12499110.0625,0.0,0.0,0.0,1.0
167,2522,167.0,5564372.1875,0.0,0.0,0.0,5564372.1875,0.0,0.0,0.0,1.0
168,2533,168.0,0.0,0.0,0.0,0.0,0.0,0.0,0.0,0.0,0.0
169,2537,169.0,0.0,0.0,0.0,0.0,0.0,0.0,0.0,0.0,0.0
170,2540,170.0,0.0,0.0,0.0,0.0,0.0,0.0,0.0,0.0,0.0
171,2579,171.0,0.0,0.0,0.0,0.0,0.0,0.0,0.0,0.0,0.0
172,2595,172.0,2388273.703125,1613029.40625,0.0,0.0,775244.296875,0.6753955395227058,0.0,0.0,0.32460446047729413
173,2613,173.0,14672914.83984375,0.0,0.0,0.0,14672914.83984375,0.0,0.0,0.0,1.0
174,2622,174.0,0.0,0.0,0.0,0.0,0.0,0.0,0.0,0.0,0.0
175,2623,175.0,3027992.296875,1063326.78125,0.0,0.0,1964665.515625,0.3511656163549004,0.0,0.0,0.6488343836450996
176,2640,176.0,37727670.8828125,20549443.4140625,0.0,0.0,17178227.46875,0.5446782940270017,0.0,0.0,0.45532170597299826
177,2652,177.0,23132313.71875,1889305.9583333335,0.0,0.0,21243007.760416668,0.08167388620542303,0.0,0.0,0.9183261137945771
178,2677,178.0,214959.4255952381,62438.29166666666,0.0,0.0,152521.13392857145,0.29046547502520786,0.0,0.0,0.7095345249747922
179,2683,179.0,1564533.875,0.0,0.0,0.0,1564533.875,0.0,0.0,0.0,1.0
180,2701,180.0,25259743.073660716,280055.3392857143,0.0,0.0,24979687.734375004,0.011087022479565065,0.0,0.0,0.988912977520435
181,2727,181.0,18026033.15625,0.0,0.0,0.0,18026033.15625,0.0,0.0,0.0,1.0
182,2731,182.0,10966671.75,0.0,0.0,0.0,10966671.75,0.0,0.0,0.0,1.0
183,2734,183.0,478018.6875,478018.6875,0.0,0.0,0.0,1.0,0.0,0.0,0.0
184,2759,184.0,1047725.71875,1047725.71875,0.0,0.0,0.0,1.0,0.0,0.0,0.0
185,2784,185.0,4890544.359375,3636286.890625,0.0,0.0,1254257.46875,0.7435341801274876,0.0,0.0,0.2564658198725123
186,2821,186.0,27125757.640625,9554628.5625,0.0,0.0,17571129.078125,0.3522345325459397,0.0,0.0,0.6477654674540603
187,2826,187.0,17489209.1875,9554628.5625,0.0,0.0,7934580.625,0.5463156429810986,0.0,0.0,0.45368435701890136
188,2828,188.0,2380424.625,0.0,0.0,0.0,2380424.625,0.0,0.0,0.0,1.0
189,2857,189.0,1433902.125,0.0,0.0,0.0,1433902.125,0.0,0.0,0.0,1.0
190,2863,190.0,2991316.125,313449.6875,0.0,0.0,2677866.4375,0.10478654692505962,0.0,0.0,0.8952134530749404
191,2873,191.0,27134441.1875,4900407.6875,0.0,0.0,22234033.5,0.18059733213733795,0.0,0.0,0.819402667862662
192,2884,192.0,22525343.15625,1365619.28125,0.0,0.0,21159723.875,0.06062590353350902,0.0,0.0,0.939374096466491
193,2894,193.0,15593252.90625,4120359.78125,0.0,0.0,11472893.125,0.26423991235327815,0.0,0.0,0.7357600876467218
194,2904,194.0,452466.71875,0.0,0.0,0.0,452466.71875,0.0,0.0,0.0,1.0
195,2921,195.0,0.0,0.0,0.0,0.0,0.0,0.0,0.0,0.0,0.0
196,2932,196.0,8383543.5,0.0,0.0,0.0,8383543.5,0.0,0.0,0.0,1.0
197,2936,197.0,8383543.5,1254881.75,0.0,0.0,7128661.75,0.1496839313829528,0.0,0.0,0.8503160686170472
198,2947,198.0,14767302.75,4536018.0,0.0,0.0,10231284.75,0.3071663171529411,0.0,0.0,0.6928336828470588
199,2964,199.0,28028790.625,5735424.125,0.0,0.0,22293366.5,0.2046261717722614,0.0,0.0,0.7953738282277386
200,2971,200.0,1158384.75,0.0,0.0,0.0,1158384.75,0.0,0.0,0.0,1.0
201,2981,201.0,3590213.59375,0.0,0.0,0.0,3590213.59375,0.0,0.0,0.0,1.0
202,3021,202.0,267985.3125,0.0,0.0,0.0,267985.3125,0.0,0.0,0.0,1.0
203,3025,203.0,0.0,0.0,0.0,0.0,0.0,0.0,0.0,0.0,0.0
204,3049,204.0,0.0,0.0,0.0,0.0,0.0,0.0,0.0,0.0,0.0
205,3092,205.0,0.0,0.0,0.0,0.0,0.0,0.0,0.0,0.0,0.0
206,3125,206.0,0.0,0.0,0.0,0.0,0.0,0.0,0.0,0.0,0.0
207,3130,207.0,0.0,0.0,0.0,0.0,0.0,0.0,0.0,0.0,0.0
208,3170,208.0,1589737.9375,146201.40625,0.0,0.0,1443536.53125,0.09196572768459833,0.0,0.0,0.9080342723154017
209,3192,209.0,1521891.375,0.0,0.0,0.0,1521891.375,0.0,0.0,0.0,1.0
210,3233,210.0,317358.765625,128366.21875,0.0,0.0,188992.546875,0.404482978427264,0.0,0.0,0.595517021572736
211,3246,211.0,0.0,0.0,0.0,0.0,0.0,0.0,0.0,0.0,0.0
212,3248,212.0,0.0,0.0,0.0,0.0,0.0,0.0,0.0,0.0,0.0
213,3262,213.0,0.0,0.0,0.0,0.0,0.0,0.0,0.0,0.0,0.0
214,3270,214.0,0.0,0.0,0.0,0.0,0.0,0.0,0.0,0.0,0.0
215,3313,215.0,0.0,0.0,0.0,0.0,0.0,0.0,0.0,0.0,0.0
216,3330,216.0,0.0,0.0,0.0,0.0,0.0,0.0,0.0,0.0,0.0
217,3353,217.0,442649.421875,0.0,0.0,0.0,442649.421875,0.0,0.0,0.0,1.0
218,3359,218.0,0.0,0.0,0.0,0.0,0.0,0.0,0.0,0.0,0.0
219,3361,219.0,0.0,0.0,0.0,0.0,0.0,0.0,0.0,0.0,0.0
220,3377,220.0,537047.25,0.0,0.0,0.0,537047.25,0.0,0.0,0.0,1.0
221,3386,221.0,0.0,0.0,0.0,0.0,0.0,0.0,0.0,0.0,0.0
222,3412,222.0,0.0,0.0,0.0,0.0,0.0,0.0,0.0,0.0,0.0
223,3428,223.0,0.0,0.0,0.0,0.0,0.0,0.0,0.0,0.0,0.0
224,3436,224.0,0.0,0.0,0.0,0.0,0.0,0.0,0.0,0.0,0.0
225,3458,225.0,0.0,0.0,0.0,0.0,0.0,0.0,0.0,0.0,0.0
226,3467,226.0,0.0,0.0,0.0,0.0,0.0,0.0,0.0,0.0,0.0
227,3510,227.0,0.0,0.0,0.0,0.0,0.0,0.0,0.0,0.0,0.0
228,3531,228.0,0.0,0.0,0.0,0.0,0.0,0.0,0.0,0.0,0.0
229,3538,229.0,0.0,0.0,0.0,0.0,0.0,0.0,0.0,0.0,0.0
230,3555,230.0,0.0,0.0,0.0,0.0,0.0,0.0,0.0,0.0,0.0
231,3556,231.0,0.0,0.0,0.0,0.0,0.0,0.0,0.0,0.0,0.0
232,3576,232.0,0.0,0.0,0.0,0.0,0.0,0.0,0.0,0.0,0.0
233,3598,233.0,0.0,0.0,0.0,0.0,0.0,0.0,0.0,0.0,0.0
